Time (s),X (m),Y (m),Yaw (deg)
0.28,0.0001,-0.0002,0.01
0.481,-0.0001,-0.0003,0.0
0.681,0.0,-0.0001,-0.0
0.882,0.0001,-0.0,-0.02
1.083,0.0001,-0.0002,-0.02
1.284,0.001,-0.0001,-0.12
1.484,0.0028,-0.0003,-0.04
1.685,0.0048,-0.0001,-0.06
1.886,0.0064,-0.0,0.05
2.086,0.0083,-0.0001,0.07
2.287,0.0111,-0.0,0.07
2.488,0.015,-0.0002,0.1
2.688,0.0193,-0.0001,0.16
2.889,0.0232,-0.0,0.19
3.09,0.0273,-0.0004,0.23
3.29,0.0321,-0.0002,0.15
3.491,0.0376,-0.0003,0.13
3.692,0.0442,-0.0003,0.02
3.892,0.026,-0.0002,-0.2
4.093,0.0686,-0.0002,-0.2
4.294,0.0569,-0.0009,-0.26
4.494,0.1037,-0.0007,-0.06
4.695,0.0967,-0.002,0.02
4.896,0.1157,-0.0011,-0.1
5.097,0.1357,-0.0038,-0.01
5.297,0.157,-0.0025,-0.16
5.498,0.1761,-0.0045,-0.14
5.699,0.194,-0.0027,0.02
5.9,0.219,-0.002,0.04
6.1,0.235,-0.0035,0.0
6.301,0.2874,-0.0011,-0.12
6.502,0.3068,-0.0011,-0.07
6.702,0.2941,-0.0045,0.0
6.903,0.3191,-0.004,0.09
7.104,0.3401,-0.0055,0.04
7.304,0.3612,-0.0073,-0.06
7.505,0.3801,-0.007,-0.06
7.706,0.4252,-0.0058,0.15
7.906,0.4466,-0.0061,0.16
8.107,0.4395,-0.0073,0.18
8.308,0.4605,-0.0088,0.07
8.508,0.5045,-0.0098,0.04
8.709,0.4964,-0.0042,-0.01
8.91,0.547,-0.0009,0.3
9.111,0.5375,-0.0024,-0.0
9.311,0.5598,-0.0041,-0.13
9.512,0.6066,-0.0016,-0.12
9.713,0.6255,-0.0009,0.07
9.913,0.6467,-0.0021,0.22
10.114,0.6658,-0.0018,0.25
10.315,0.6859,-0.0043,0.15
10.515,0.7059,-0.0051,0.01
10.716,0.726,-0.0043,0.11
10.917,0.7452,-0.004,0.34
11.117,0.7384,-0.0052,0.19
11.318,0.7846,-0.0053,0.17
11.519,0.7788,-0.0093,0.11
11.72,0.8249,-0.0077,0.24
11.92,0.8445,-0.0104,0.28
12.121,0.8385,-0.009,0.39
12.322,0.8828,-0.0118,0.26
12.522,0.9052,-0.0097,0.12
12.723,0.9228,-0.0098,0.2
12.924,0.916,-0.0099,0.24
13.124,0.9374,-0.0126,0.29
13.325,0.9799,-0.0135,0.22
13.526,0.9732,-0.0146,0.14
13.726,0.996,-0.0145,0.13
13.927,1.042,-0.0161,0.24
14.128,1.0635,-0.0078,0.3
14.328,1.0836,-0.007,0.23
14.529,1.1049,-0.0077,0.09
14.73,1.1263,-0.0109,0.09
14.93,1.1186,-0.0104,0.12
15.131,1.1342,-0.0082,0.17
15.332,1.1566,-0.0065,0.19
15.532,1.2042,-0.0107,0.17
15.733,1.2233,-0.0122,0.05
15.933,1.2169,-0.0125,0.14
16.134,1.263,-0.0136,0.35
16.335,1.2844,-0.0148,0.38
16.535,1.2779,-0.0143,0.26
16.736,1.298,-0.0121,0.14
16.937,1.3177,-0.0146,0.24
17.137,1.363,-0.0152,0.32
17.338,1.3552,-0.0133,0.4
17.539,1.376,-0.013,0.25
17.739,1.3968,-0.0164,0.11
17.94,1.4147,-0.0169,0.2
18.141,1.4618,-0.0178,0.45
18.342,1.4802,-0.0194,0.39
18.542,1.4977,-0.0212,0.41
18.743,1.5005,-0.0194,0.34
18.944,1.529,-0.0199,0.32
19.144,1.541,-0.0203,0.41
19.345,1.5621,-0.0223,0.5
19.546,1.5598,-0.0083,0.26
19.746,1.5947,-0.0083,0.05
19.947,1.6461,-0.0119,0.09
20.148,1.6346,-0.0114,0.14
20.348,1.6554,-0.0094,0.23
20.549,1.6737,-0.0114,0.32
20.75,1.7254,-0.0115,0.19
20.95,1.7421,-0.0167,0.06
21.151,1.7649,-0.0152,0.19
21.352,1.7527,-0.0154,0.32
21.552,1.7764,-0.0169,0.24
21.753,1.8169,-0.0184,0.19
21.953,1.804,-0.0173,0.08
22.154,1.8368,-0.0164,0.16
22.355,1.8833,-0.0154,0.3
22.555,1.8983,-0.019,0.38
22.756,1.8898,-0.0185,0.29
22.957,1.9328,-0.0232,0.15
23.157,1.9413,-0.0176,0.23
23.358,1.9497,-0.0197,0.28
23.559,1.9862,-0.0183,0.31
23.759,2.0119,-0.0179,0.24
23.96,2.0057,-0.0213,0.24
24.161,2.0196,-0.0208,0.14
24.361,2.0625,-0.0217,0.28
24.562,2.0943,-0.0151,0.2
24.763,2.1196,-0.0136,0.2
24.963,2.1317,-0.0138,0.02
25.164,2.1506,-0.0185,-0.02
25.365,2.1717,-0.0171,0.1
25.565,2.1689,-0.0154,0.08
25.766,2.2062,-0.0175,0.11
25.967,2.2051,-0.0191,-0.03
26.167,2.222,-0.0187,-0.06
26.368,2.2402,-0.0188,0.02
26.569,2.2815,-0.0219,0.19
26.77,2.3058,-0.0206,0.13
26.97,2.2943,-0.0222,0.05
27.171,2.3431,-0.0208,0.03
27.371,2.3677,-0.0234,0.03
27.572,2.3703,-0.0259,0.18
27.773,2.4229,-0.0259,0.15
27.973,2.4464,-0.0262,0.04
28.174,2.4668,-0.0316,0.03
28.375,2.4979,-0.028,0.17
28.575,2.5333,-0.0295,0.21
28.776,2.528,-0.0271,0.25
28.977,2.573,-0.0325,0.16
29.177,2.6193,-0.0227,-0.03
29.378,2.6208,-0.0179,-0.02
29.579,2.6626,-0.0223,0.09
29.779,2.6922,-0.0249,0.17
29.98,2.6966,-0.0265,0.02
30.181,2.7307,-0.0302,-0.02
30.381,2.7611,-0.0302,-0.03
30.582,2.7836,-0.0366,0.09
31.585,2.8857,-0.0382,0.21
32.589,2.9503,-0.0428,0.23
33.793,3.0804,-0.0453,0.22
35.197,3.3077,-0.0486,0.2
35.799,3.3415,-0.0486,0.24
36.401,3.4244,-0.0513,0.19
37.003,3.477,-0.0526,0.34
37.806,3.5428,-0.0506,0.24
38.608,3.6134,-0.05,0.25
39.01,3.6693,-0.0414,0.22
39.612,3.7458,-0.0482,0.15
40.214,3.7976,-0.0453,0.27
40.815,3.862,-0.0504,0.17
41.417,3.9121,-0.0495,0.38
42.019,3.9817,-0.049,0.37
42.621,4.0549,-0.0529,0.22
43.223,4.1058,-0.052,0.31
43.825,4.1755,-0.0575,0.06
44.628,4.2587,-0.0589,-1.61
45.43,4.3172,-0.074,-1.77
46.233,4.409,-0.0935,-1.62
47.036,4.4758,-0.0995,-1.6
48.039,4.5922,-0.1198,-1.55
48.842,4.649,-0.1214,-1.66
49.644,4.7428,-0.1305,-1.52
50.648,4.8554,-0.1297,-0.51
51.25,4.8928,-0.1347,-0.6
51.651,4.9463,-0.1342,-0.58
52.253,5.0019,-0.1399,-0.68
52.855,5.0604,-0.1439,-0.72
53.457,5.1101,-0.1485,-0.67
53.858,5.1806,-0.1518,-0.62
54.46,5.2362,-0.153,-0.69
55.062,5.292,-0.1572,-0.78
55.464,5.3212,-0.1523,-0.43
55.865,5.3834,-0.154,-0.3
56.266,5.4197,-0.1542,-0.42
56.868,5.4703,-0.159,-0.4
57.069,5.476,-0.1606,-0.5
57.671,5.5495,-0.1609,-0.4
58.273,5.6068,-0.1635,-0.37
58.674,5.6288,-0.1674,-0.46
59.075,5.7005,-0.1635,-0.5
59.477,5.7408,-0.1656,-0.49
59.878,5.7867,-0.1692,-0.42
60.279,5.8331,-0.1736,-0.55
60.881,5.8836,-0.1726,-0.32
61.283,5.8942,-0.1789,-0.47
61.684,5.9427,-0.1832,-0.34
62.286,5.989,-0.1843,-0.36
62.687,6.0311,-0.188,-0.35
63.089,6.1064,-0.1855,-0.46
63.49,6.1224,-0.1916,-0.36
64.092,6.2011,-0.1913,-0.35
64.493,6.2473,-0.195,-0.52
65.095,6.2677,-0.2009,-0.28
65.496,6.3176,-0.2028,-0.4
66.098,6.3998,-0.2029,-0.22
66.5,6.4426,-0.2076,-0.45
66.901,6.4832,-0.2115,-0.41
67.503,6.5307,-0.2123,-0.54
67.904,6.5824,-0.2155,-0.4
68.506,6.6335,-0.2193,-0.35
68.908,6.6855,-0.2218,-0.36
69.51,6.738,-0.224,-0.38
70.112,6.7906,-0.2253,-0.25
70.714,6.8492,-0.2289,-0.33
70.914,6.9054,-0.2292,-0.35
71.316,6.9265,-0.2443,-0.1
71.918,6.9893,-0.245,-0.25
72.924,7.0828,-0.2464,-0.39
73.523,7.1391,-0.2482,-0.21
74.125,7.1897,-0.2514,-0.35
74.526,7.2382,-0.2522,-0.13
75.329,7.3117,-0.2569,-0.13
75.931,7.3469,-0.259,-0.28
76.734,7.4124,-0.2638,-0.21
77.335,7.4717,-0.2777,-0.11
77.937,7.5671,-0.2776,-0.23
78.539,7.6293,-0.282,-0.18
79.141,7.6626,-0.283,-0.38
79.944,7.7345,-0.2869,-0.35
80.546,7.8272,-0.2869,-0.31
81.348,7.8972,-0.29,-0.46
81.95,7.9624,-0.293,-0.47
82.552,7.9974,-0.309,-0.13
83.154,8.0554,-0.3134,0.14
83.756,8.1199,-0.32,1.17
84.559,8.2197,-0.3156,1.33
85.161,8.2915,-0.3142,1.38
85.964,8.3394,-0.3118,1.25
86.766,8.4192,-0.3087,1.14
87.368,8.4896,-0.3032,1.04
88.171,8.5808,-0.3198,0.26
88.572,8.6043,-0.3191,0.18
89.174,8.662,-0.3212,0.31
89.776,8.7166,-0.3201,0.08
90.178,8.7653,-0.3209,0.05
90.779,8.8205,-0.3223,-0.13
91.181,8.8899,-0.3237,-0.02
91.582,8.9035,-0.3225,-0.21
92.184,8.9875,-0.3252,-0.24
92.585,9.0332,-0.3232,-0.45
93.187,9.064,-0.3394,-0.08
93.789,9.1162,-0.336,-0.4
94.391,9.2024,-0.3379,-0.33
94.993,9.2592,-0.3414,-0.46
95.395,9.2866,-0.3427,-0.42
96.197,9.354,-0.3449,-0.46
96.799,9.4159,-0.3463,-0.69
97.401,9.4819,-0.3508,-0.66
98.003,9.5399,-0.3524,-0.78
98.404,9.5845,-0.3593,-0.3
99.006,9.6337,-0.3629,-0.51
99.608,9.7003,-0.3649,-0.44
100.21,9.7759,-0.3657,-0.56
100.612,9.8218,-0.3687,-0.52
101.013,9.8566,-0.3644,-0.59
101.414,9.8937,-0.3692,-0.44
101.816,9.9356,-0.3698,-0.51
102.217,9.9493,-0.3782,-0.39
102.618,10.0009,-0.3905,0.6
103.02,10.0647,-0.3822,0.77
103.421,10.0792,-0.391,0.57
103.822,10.1424,-0.3824,0.65
104.023,10.1397,-0.3891,0.39
104.424,10.175,-0.3904,0.43
104.625,10.2062,-0.3886,0.47
105.026,10.2601,-0.3805,0.31
105.227,10.2932,-0.3784,0.33
105.628,10.3009,-0.3904,0.46
106.029,10.3627,-0.3802,0.2
106.431,10.3758,-0.3894,0.24
106.631,10.4285,-0.3783,0.16
107.033,10.4553,-0.3794,0.02
107.434,10.4689,-0.3872,-0.01
107.635,10.5123,-0.3834,-0.01
108.036,10.551,-0.3838,-0.19
108.236,10.5524,-0.3887,-0.25
108.838,10.6233,-0.3828,-0.35
109.24,10.6759,-0.3729,-0.15
109.44,10.6971,-0.3723,-0.29
109.842,10.7313,-0.3786,-0.1
110.243,10.748,-0.3827,-0.33
110.444,10.7829,-0.3854,-0.31
110.845,10.8371,-0.3784,-0.46
111.046,10.8189,-0.3868,-0.37
111.447,10.8412,-0.3849,-0.6
111.848,10.9121,-0.3844,-0.52
112.25,10.9778,-0.3855,-0.69
113.253,11.0608,-0.3979,1.08
113.855,11.1302,-0.3895,2.19
114.457,11.1593,-0.3826,1.55
115.059,11.2133,-0.3822,1.45
115.46,11.2593,-0.3813,1.43
116.263,11.3476,-0.3744,1.4
116.865,11.4057,-0.3728,1.2
117.467,11.4714,-0.3761,1.18
118.27,11.5343,-0.3701,1.18
118.872,11.5949,-0.3686,0.97
119.674,11.6632,-0.3701,0.97
120.276,11.7123,-0.3647,0.47
121.079,11.7893,-0.364,0.29
121.681,11.8428,-0.3628,0.31
122.483,11.9127,-0.3642,0.32
123.085,11.9652,-0.3673,0.18
124.088,12.0576,-0.3679,0.11
124.891,12.1511,-0.3709,0.07
125.694,12.2422,-0.3756,0.12
126.697,12.2974,-0.3653,0.15
128.102,12.4204,-0.3689,-0.77
129.707,12.6127,0.0033,-1.06
130.51,12.7011,0.0043,-1.72
131.513,12.8179,0.0267,-1.65
132.316,12.824,0.0172,-1.65
133.921,12.9187,0.0661,-1.54
135.727,12.9773,0.072,-1.26
137.533,13.3777,-0.5938,-9.6
138.737,13.2642,-0.6239,-1.66
140.944,13.4171,-0.7085,-1.62
142.148,13.5425,-0.7435,-1.6
143.553,13.6799,-0.8052,-1.78
144.757,13.8153,-0.8569,-1.07
146.563,13.9881,-0.8945,-0.11
148.971,13.9875,-1.2892,-1.16
150.175,14.0496,-1.4128,-2.51
151.178,14.0809,-1.4356,-1.6
152.583,14.1465,-1.4927,-0.82
154.589,14.0016,-1.8818,-26.77
154.99,13.9907,-1.898,-1.2
156.395,14.0482,-1.9148,-0.67
157.8,14.022,-1.931,-0.74
159.204,14.0538,-1.9421,-1.02
160.81,14.0057,-2.4073,-20.59
161.211,14.0225,-2.4414,-2.05
162.415,14.0127,-2.4658,-1.03
163.619,14.0099,-2.4791,-0.94
164.823,14.0167,-2.4903,-1.03
166.228,13.9806,-2.9487,-14.82
166.629,13.9835,-2.9787,-2.49
168.033,13.9996,-3.0149,-2.46
169.438,13.9733,-3.2632,-17.98
169.839,13.9769,-3.2955,-18.14
170.241,13.9761,-3.3457,-19.71
170.441,13.9768,-3.3869,-21.31
170.842,14.0198,-3.3732,-20.68
171.244,14.0239,-3.3993,-20.54
171.645,13.9854,-3.5001,-23.03
172.046,13.9917,-3.52,-2.11
173.652,13.9934,-3.5375,0.3
175.257,14.0098,-3.542,0.3
177.464,14.094,-3.9523,-5.18
178.267,14.0904,-4.0816,-8.62
178.869,14.1159,-4.1024,-2.63
180.274,14.1479,-4.1163,-2.5
182.28,14.1038,-4.5547,-14.2
182.882,14.109,-4.6191,-15.83
183.484,14.1646,-4.6435,-2.67
185.089,14.2035,-4.6872,-2.58
187.096,14.3284,-4.7022,-2.34
188.902,14.2676,-5.203,-15.13
189.504,14.326,-5.2332,-2.92
191.31,14.3779,-5.2898,-2.24
193.116,14.3648,-5.6103,-21.26
193.718,14.4226,-5.6067,-21.15
194.119,14.433,-5.6486,-21.31
194.52,14.3926,-5.7544,-23.79
194.922,14.4011,-5.7972,-1.91
196.727,14.4841,-5.8123,-0.9
198.333,14.5229,-5.8156,-0.87
200.339,14.5552,-6.1538,-5.51
201.142,14.5765,-6.3184,-9.51
201.744,14.6035,-6.3362,-2.75
203.349,14.6679,-6.3578,-2.51
205.556,14.6706,-6.7608,-13.87
206.158,14.6881,-6.8143,-15.12
206.761,14.7129,-6.8419,-2.64
208.366,14.7759,-6.8795,-2.39
210.172,14.7724,-7.2242,-18.81
210.774,14.7279,-7.34,-21.32
211.175,14.7431,-7.367,-2.07
212.981,14.8288,-7.3845,-0.7
214.586,14.8624,-7.3909,-0.95
216.593,14.8979,-7.7774,-6.79
217.195,14.9182,-7.8756,-8.46
217.997,14.8898,-7.8882,-2.59
219.402,14.9959,-7.9133,-2.49
221.208,14.9438,-8.3256,-13.6
221.81,14.9577,-8.3935,-15.05
222.211,15.0235,-8.4162,-2.54
223.817,15.0347,-8.4588,-2.34
225.623,15.0388,-8.755,-17.05
226.024,15.0449,-8.8082,-19.02
226.426,15.1239,-8.7805,-17.02
226.827,15.1289,-8.8364,-18.88
227.429,15.1378,-8.8848,-19.03
227.83,15.15,-8.9187,-2.28
229.235,15.2144,-8.9633,-2.18
230.84,15.2141,-9.2306,-20.98
231.241,15.2232,-9.2683,-21.19
231.643,15.1625,-9.3771,-23.6
232.044,15.168,-9.4184,-25.46
232.445,15.2249,-9.4413,-2.01
233.649,15.273,-9.4588,-0.2
235.254,15.2443,-9.4721,0.41
236.659,15.2894,-9.4784,0.4
238.064,15.4018,-9.4804,0.33
240.07,15.3934,-10.1606,-9.92
240.472,15.4084,-10.1279,-2.34
241.676,15.5205,-10.1402,-2.28
243.08,15.583,-10.157,-2.3
244.084,15.5167,-10.5373,-12.61
244.485,15.5965,-10.5267,-12.48
244.887,15.6072,-10.5563,-12.66
245.087,15.5412,-10.6618,-15.86
245.491,15.543,-10.5414,-1.47
247.696,15.6702,-10.6426,-1.6
249.1,15.7188,-10.8337,-0.56
250.706,15.7597,-11.1253,-17.91
250.907,15.766,-11.159,-0.98
251.709,15.8215,-11.1933,-1.12
252.913,15.8796,-11.2013,-1.02
254.519,15.9621,-11.4836,-1.26
255.522,15.9725,-11.8233,-0.13
257.328,15.8031,-11.815,-106.36
257.528,15.7466,-11.884,-24.47
257.729,15.8064,-11.8428,-24.62
257.93,15.7876,-11.8633,-109.38
258.13,15.7961,-11.875,-27.89
258.331,15.777,-11.892,-111.62
258.532,15.7006,-11.9499,-111.85
258.732,15.6991,-11.9537,-112.11
258.933,15.782,-11.9015,-59.7
259.133,15.6934,-11.9673,-113.07
259.334,15.7683,-11.9134,-113.08
259.535,15.7095,-11.9875,-35.72
259.736,15.9091,-11.9404,0.61
260.137,15.6799,-12.075,-124.87
260.338,15.6105,-12.1454,-48.53
260.538,15.5904,-12.1498,-126.29
260.739,15.6704,-12.1056,-49.3
260.94,15.6539,-12.1108,-127.24
261.14,15.6441,-12.1222,-75.62
261.341,15.6447,-12.1227,-128.28
261.542,15.6355,-12.1323,-76.06
261.742,15.6352,-12.1346,-129.48
261.943,15.5553,-12.1898,-85.42
262.144,15.547,-12.2047,-130.94
262.345,15.6245,-12.1474,-130.71
262.545,15.5411,-12.2174,-77.4
262.746,15.5374,-12.2157,-131.71
262.946,15.6137,-12.1552,-86.74
263.147,15.6094,-12.1646,-131.91
263.348,15.5192,-12.2563,-79.32
263.548,15.5612,-12.1982,-42.9
263.749,15.5732,-12.1961,-121.79
263.95,15.467,-12.2868,-138.11
264.15,15.5308,-12.2422,-138.87
264.351,15.4333,-12.3158,-140.79
264.552,15.42,-12.3309,-84.67
264.752,15.4843,-12.2803,-142.9
264.953,15.3859,-12.3519,-144.73
265.154,15.4507,-12.3152,-87.1
265.354,15.3578,-12.3712,-146.58
265.555,15.4141,-12.3287,-148.53
265.756,15.3238,-12.3946,-90.38
265.956,15.3032,-12.4043,-150.76
266.157,15.3615,-12.3621,-91.42
266.357,15.3466,-12.3715,-88.49
266.558,15.2516,-12.4359,-92.8
266.759,15.3098,-12.3843,-155.81
266.959,15.2934,-12.4017,-93.49
267.16,15.2735,-12.3998,-158.19
267.361,15.1852,-12.4668,-89.23
267.561,15.1562,-12.47,-161.37
267.762,15.2167,-12.4203,-162.25
267.963,15.124,-12.4907,-103.41
268.163,15.1781,-12.4319,-164.49
268.364,15.1573,-12.4354,-121.36
268.565,15.1405,-12.4414,-167.43
268.765,15.116,-12.4503,-111.14
268.966,15.101,-12.4496,-169.55
269.167,15.0044,-12.5028,-110.17
269.367,14.9807,-12.5112,-172.73
269.568,15.0385,-12.4588,-173.81
269.769,15.0157,-12.461,-175.09
269.969,14.9175,-12.5177,-128.84
270.17,14.9731,-12.4704,-129.86
270.371,14.8721,-12.5192,-179.52
270.571,14.8499,-12.527,131.24
270.772,14.828,-12.5187,178.22
270.973,14.8832,-12.4802,129.38
271.173,14.8645,-12.4622,175.4
271.374,14.8406,-12.4611,127.34
271.575,14.8212,-12.4579,173.05
271.778,14.7179,-12.5087,125.32
272.177,14.6772,-12.502,170.45
272.377,14.6535,-12.4889,124.99
272.578,14.6335,-12.4948,170.75
272.779,14.6917,-12.4379,170.93
272.979,14.6681,-12.4341,170.62
273.18,14.5681,-12.4692,124.82
273.381,14.6269,-12.4273,170.88
273.581,14.6045,-12.4075,125.21
273.782,14.5048,-12.4735,170.75
273.983,14.5603,-12.4167,170.77
274.183,14.5402,-12.4134,170.75
274.384,14.516,-12.4012,125.1
274.585,14.4171,-12.4415,124.7
274.785,14.4759,-12.4032,171.05
274.986,14.4513,-12.3915,139.57
275.187,14.4447,-12.3971,102.52
275.387,14.4106,-12.3948,174.98
275.588,14.3078,-12.4365,142.89
275.789,14.2897,-12.4453,-164.86
275.989,14.3434,-12.3889,-163.44
276.19,14.2403,-12.4369,162.19
276.391,14.3002,-12.3887,-160.83
276.591,14.2092,-12.4415,-144.43
276.792,14.1784,-12.4454,-160.49
276.993,14.2396,-12.3888,-144.58
277.193,14.2162,-12.3898,-144.35
277.394,14.1964,-12.3913,-144.19
277.595,14.1744,-12.3917,-144.17
277.795,14.0742,-12.4463,-144.4
277.996,14.1275,-12.3939,-144.41
278.197,14.1089,-12.3954,-144.31
278.397,14.0094,-12.4459,-144.4
278.598,13.9882,-12.4477,-144.3
278.799,14.0342,-12.3963,-144.28
278.999,14.0128,-12.3981,-144.37
279.2,13.922,-12.4518,-144.56
279.401,13.9008,-12.4511,-144.27
279.601,13.9474,-12.4004,-144.08
279.802,13.8583,-12.4531,-144.46
280.003,13.8284,-12.4544,-144.37
280.203,13.8868,-12.4024,-143.98
280.404,13.8584,-12.3993,-144.08
280.605,13.7693,-12.4531,-144.29
280.805,13.7383,-12.472,147.79
281.006,13.7074,-12.4433,-130.57
281.207,13.7748,-12.4261,148.05
281.407,13.6712,-12.4664,164.59
281.608,13.6184,-12.4588,-45.4
281.808,13.6519,-12.4622,-161.27
282.009,13.615,-12.455,-144.56
282.21,13.5928,-12.4575,-144.94
282.41,13.5704,-12.4566,-145.01
282.611,13.6253,-12.414,-144.44
282.812,13.5257,-12.4602,-145.25
283.012,13.5041,-12.4603,-144.93
283.213,13.4846,-12.4628,-144.25
283.414,13.537,-12.4187,-144.66
283.614,13.5159,-12.4198,-144.45
283.815,13.4912,-12.421,-144.17
284.016,13.4712,-12.4217,-144.05
284.217,13.4284,-12.4145,-48.12
284.417,13.4432,-12.4139,-144.34
284.618,13.3214,-12.463,164.26
284.818,13.292,-12.4628,-69.64
285.019,13.1976,-12.6565,0.53
285.22,13.2101,-12.6438,0.31
285.421,13.0988,-12.4827,-178.03
285.621,13.1689,-12.4344,-56.85
285.822,13.1246,-12.495,-0.46
286.023,13.0928,-12.4439,-56.58
286.223,13.0846,-12.439,-177.94
286.424,12.9985,-12.4804,-56.9
286.624,13.054,-12.4324,-56.85
286.825,13.0399,-12.4369,-56.85
287.026,13.0326,-12.4326,-56.54
287.226,12.9509,-12.4881,-177.84
287.427,12.9463,-12.4918,-56.5
287.628,12.9346,-12.4887,-178.05
287.828,13.0085,-12.4421,-177.7
288.029,12.9318,-12.4956,-62.97
288.23,12.992,-12.4428,-177.84
288.43,12.9134,-12.4894,-178.07
288.631,12.8856,-12.4903,-178.11
288.832,12.8649,-12.491,-177.72
289.032,12.8415,-12.492,-177.65
289.233,12.8206,-12.4928,-178.04
289.434,12.878,-12.464,-51.71
289.634,12.856,-12.4482,-177.61
289.835,12.7621,-12.4961,-56.57
290.036,12.7329,-12.496,-177.78
290.236,12.7143,-12.4994,-54.64
290.437,12.7667,-12.4518,-178.01
290.638,12.6673,-12.4982,-177.79
290.838,12.6462,-12.499,-177.66
291.039,12.7016,-12.4545,-177.73
291.24,12.6801,-12.4553,-177.68
291.44,12.5788,-12.5015,-177.99
291.641,12.637,-12.4571,-177.68
291.842,12.6163,-12.4579,-177.4
292.042,12.5928,-12.459,-177.71
292.243,12.5718,-12.4598,-177.98
292.444,12.5487,-12.4606,-177.61
292.644,12.5282,-12.4615,-177.46
292.845,12.4214,-12.5074,-177.8
293.046,12.405,-12.508,-177.76
293.246,12.3842,-12.5088,-177.94
293.447,12.3614,-12.5096,-177.84
293.648,12.4194,-12.4662,-177.31
293.848,12.3959,-12.4673,-177.45
294.049,12.3749,-12.4681,-177.83
294.249,12.3538,-12.469,-177.65
294.45,12.2473,-12.5141,-177.68
294.651,12.2357,-12.5185,-94.38
294.851,12.2101,-12.5156,-177.6
295.052,12.1751,-12.5084,-55.82
295.253,12.2424,-12.4772,-94.55
295.453,12.2165,-12.4749,-177.35
295.654,12.1812,-12.4722,-50.39
295.855,12.105,-12.5197,-177.91
296.055,12.1506,-12.4777,-177.72
296.256,12.0478,-12.5159,-50.47
296.457,12.0514,-12.5217,-177.88
296.657,12.0069,-12.5235,-177.56
296.858,12.0644,-12.4815,-177.7
297.059,12.0434,-12.4823,-177.64
297.259,11.9413,-12.526,-177.6
297.46,11.9204,-12.5269,-177.66
297.661,11.8974,-12.5278,-177.71
297.861,11.8761,-12.5286,-177.93
298.062,11.8554,-12.5293,-178.06
298.263,11.8324,-12.5302,-177.59
298.463,11.8902,-12.489,-177.22
298.664,11.7902,-12.532,-177.86
298.865,11.7666,-12.5328,-177.84
299.065,11.8243,-12.4918,-177.53
299.266,11.8036,-12.4927,-177.46
299.467,11.7801,-12.4937,-177.3
299.667,11.6797,-12.5363,-177.87
299.868,11.6586,-12.5371,-178.1
300.069,11.7146,-12.4964,-177.38
300.269,11.6939,-12.4974,-177.32
300.47,11.594,-12.5397,-177.71
300.671,11.6492,-12.4995,-177.44
300.871,11.628,-12.5004,-177.59
301.072,11.6073,-12.5013,-177.49
301.273,11.584,-12.5023,-177.12
301.473,11.4838,-12.5442,-177.65
301.674,11.4617,-12.5423,-77.32
301.875,11.4508,-12.5454,-177.9
302.075,11.4165,-12.5538,-69.18
302.276,11.4067,-12.5472,-177.67
302.477,11.4525,-12.5082,-177.44
302.677,11.3612,-12.5552,-76.73
302.878,11.3315,-12.5502,-177.84
303.078,11.3171,-12.5573,-61.95
303.279,11.391,-12.4172,-0.33
303.48,11.3749,-12.4298,-0.8
303.68,11.1518,-12.5574,-177.98
303.881,11.2327,-12.5304,-62.37
304.082,11.213,-12.5187,-177.74
304.282,11.1397,-12.5653,-68.62
304.483,11.1998,-12.5259,-68.43
304.684,11.1087,-12.5591,-177.63
304.884,11.0932,-12.5587,-62.13
305.085,11.0854,-12.56,-177.72
305.286,11.1636,-12.5287,-68.79
305.486,11.0431,-12.5564,-63.41
305.687,11.0139,-12.5591,-62.88
305.888,10.9959,-12.5557,-63.37
306.089,10.9744,-12.56,-63.14
306.289,10.9484,-12.5586,-62.93
306.49,11.0031,-12.525,-64.49
306.69,10.9913,-12.5279,-63.9
306.891,10.9665,-12.5313,-62.96
307.092,10.8565,-12.5598,-63.55
307.293,10.9161,-12.5352,-63.77
307.493,10.8056,-12.5665,-63.18
307.694,10.8679,-12.5276,-63.53
307.895,10.847,-12.526,-62.98
308.095,10.8232,-12.5262,-63.18
308.296,10.7991,-12.5338,-63.06
308.497,10.7841,-12.5375,-63.1
308.697,10.6913,-12.5804,-56.9
308.898,10.7391,-12.5469,-56.52
309.099,10.6505,-12.5835,-56.04
309.299,10.6319,-12.5781,-178.06
309.5,10.788,-12.5741,-6.92
309.701,10.5747,-12.5498,-56.53
309.901,10.4506,-12.6215,-2.53
310.102,10.4345,-12.5512,-159.63
310.303,10.341,-12.6245,-27.56
310.503,10.3298,-12.5862,-160.57
310.704,10.3799,-12.586,-30.64
310.905,10.3776,-12.5509,-159.9
311.105,10.2844,-12.6211,-30.63
311.306,10.3227,-12.5814,-30.32
311.507,10.3005,-12.5772,-33.84
311.707,10.2353,-12.5964,-2.17
312.109,10.2471,-12.5986,-0.89
313.313,10.0465,-12.5855,-1.16
313.714,10.0206,-12.6009,-1.05
314.316,9.8981,-12.6111,-1.32
314.918,9.8735,-12.5863,-0.75
315.721,9.7537,-12.6143,-1.18
316.323,9.6734,-12.6158,-1.04
316.724,9.7245,-12.6104,-0.55
317.326,9.7374,-12.6167,-0.35
318.329,9.5552,-12.6011,-0.73
318.931,9.4497,-12.6197,-0.67
319.734,9.3749,-12.5874,-116.19
319.934,9.3445,-12.6057,-43.81
320.135,9.3579,-12.651,-4.13
320.737,9.3298,-12.5662,-6.39
321.138,9.2033,-12.6215,-2.67
322.142,9.1765,-12.5487,-5.56
322.744,9.0948,-12.5809,-5.19
323.145,8.9436,-12.6396,-5.28
323.747,8.9936,-12.6459,-4.67
324.349,8.9693,-12.694,-6.81
325.352,8.8179,-12.5975,-8.98
325.754,8.7488,-12.5989,-1.58
326.356,8.6577,-12.6371,-177.28
326.556,8.7111,-12.9484,0.11
327.56,8.4711,-12.9128,-0.02
328.362,8.1696,-12.8648,0.37
329.165,8.2732,-12.8551,0.33
330.168,8.3162,-12.8689,0.19
330.971,8.0761,-12.6734,-104.76
331.172,7.9681,-12.5908,0.49
331.974,7.9722,-12.6942,-176.97
332.175,7.9705,-12.7052,-45.11
332.375,8.0226,-12.6385,0.46
332.977,7.9065,-12.7503,-4.59
333.579,7.8715,-12.6852,-45.81
333.78,7.8046,-12.641,-6.01
334.382,7.786,-12.673,-161.37
334.583,7.7826,-12.682,-33.32
334.783,7.7519,-12.5318,0.22
335.787,7.439,-12.5773,0.5
336.79,7.4555,-12.84,-3.37
337.593,7.3413,-12.7977,-2.58
338.596,7.256,-12.7333,-128.76
338.797,7.3146,-12.6918,-18.11
338.998,7.2273,-12.7012,-16.64
339.198,7.2846,-12.7093,-176.98
339.399,7.2152,-12.7112,-19.83
339.6,7.2669,-12.7114,-69.25
339.8,7.1807,-12.6477,0.26
340.201,7.1538,-12.7163,-176.75
340.402,7.0793,-12.7339,-68.99
340.603,7.1545,-12.708,-68.5
340.803,7.0459,-12.7403,-176.93
341.004,7.1385,-12.7066,-68.41
341.205,7.1093,-12.7189,-176.91
341.405,7.027,-12.727,-55.99
341.606,7.013,-12.742,-177.17
341.807,7.0922,-12.7159,-75.99
342.007,6.9932,-12.7331,-76.21
342.208,6.9851,-12.7337,-76.12
342.409,6.9715,-12.7387,-76.25
342.609,6.9644,-12.7355,-76.57
342.81,6.9588,-12.7367,-76.41
343.011,7.0284,-12.7233,-176.59
343.211,7.0213,-12.7237,-176.62
343.412,6.9875,-12.712,-76.01
343.612,6.9671,-12.7267,-177.03
343.813,6.9586,-12.734,-75.67
344.014,6.9252,-12.729,-176.69
344.215,6.9026,-12.7219,-76.51
344.415,6.8183,-12.4926,-0.12
344.619,6.8342,-12.5383,-0.19
345.017,6.768,-12.4909,-0.57
345.218,6.4904,-12.707,0.44
345.82,6.4522,-12.69,0.11
346.422,6.3756,-12.7748,-177.27
346.623,6.3736,-12.7668,-55.79
346.823,6.3636,-12.7751,-55.79
347.024,6.3433,-12.7764,-176.97
347.224,6.4232,-12.7571,-176.72
347.425,6.4185,-12.7574,-176.76
347.826,6.3373,-12.775,-62.27
348.027,6.3272,-12.7773,-177.01
348.228,6.4,-12.7584,-176.84
348.428,6.3281,-12.7738,-62.05
348.629,6.3175,-12.7741,-62.09
348.83,6.3741,-12.7599,-176.87
349.03,6.3019,-12.7779,-62.1
349.231,6.3617,-12.7629,-69.05
349.434,6.3534,-12.766,-62.12
349.833,6.2008,-12.8925,-0.51
350.034,6.2099,-12.7855,-159.18
350.234,6.2284,-12.7649,-62.11
350.435,6.1828,-12.8501,-0.81
350.636,6.0743,-12.79,-177.49
350.836,6.1573,-12.7727,-55.89
351.037,6.0506,-12.7765,-68.74
351.238,6.1221,-12.7734,-176.77
351.438,6.1185,-12.7712,-76.51
351.639,6.0234,-12.7806,-68.16
351.84,5.9961,-12.7867,-76.35
352.041,5.9804,-12.7838,-56.05
352.241,6.0295,-12.7689,-56.05
352.442,5.9299,-12.7972,-177.05
352.643,5.9187,-12.8064,-61.33
352.843,5.8854,-12.7996,-177.26
353.044,5.9537,-12.7886,-55.67
353.245,5.9301,-12.788,-55.44
353.445,5.8221,-12.8019,-60.78
353.646,5.8815,-12.7891,-61.37
353.847,5.7821,-12.8041,-61.14
354.047,5.8486,-12.7937,-61.23
354.248,5.744,-12.8008,-61.83
354.448,5.7968,-12.8011,-61.31
354.649,5.6918,-12.8088,-68.84
354.85,5.7488,-12.8015,-67.97
355.051,5.729,-12.8025,-68.15
355.251,5.6265,-12.8149,-68.34
355.452,5.6767,-12.8018,-68.7
355.652,5.6547,-12.7993,-68.86
355.853,5.5591,-12.8133,-68.43
356.054,5.5254,-12.8133,-69.18
356.254,5.5924,-12.7943,-68.43
356.455,5.5702,-12.7946,-68.95
356.656,5.4595,-12.8144,-76.83
356.856,5.3591,-12.6854,0.98
357.057,5.416,-12.6922,0.35
357.258,5.2856,-12.8294,-177.01
357.458,5.3661,-12.8127,-62.67
357.659,5.3539,-12.8153,-176.68
357.86,5.2775,-12.8327,-69.01
358.06,5.259,-12.8871,0.78
358.261,5.2836,-12.8137,-68.51
358.462,5.2729,-12.8197,-176.52
358.662,5.1971,-12.8144,-68.27
358.863,5.2616,-12.8109,-68.52
359.064,5.2521,-12.811,-68.51
359.264,5.1646,-12.8356,-177.07
359.468,5.2352,-12.8191,-68.54
359.866,5.2046,-12.8183,165.1
360.067,5.0941,-12.8415,-62.3
360.268,5.1473,-12.8212,-62.46
360.468,5.0499,-12.8416,-177.26
360.669,5.1095,-12.8288,-177.11
360.869,5.0871,-12.83,-176.67
361.07,5.0765,-12.832,-61.66
361.271,5.0521,-12.8352,-62.23
361.471,4.9521,-12.8542,-94.68
361.672,4.9524,-12.8121,-11.83
361.873,4.9401,-12.8166,-11.44
362.073,4.9662,-12.8101,-9.47
362.274,4.8599,-12.851,148.52
362.475,4.8351,-12.8619,-117.36
362.675,4.8916,-12.8432,-129.2
362.876,4.8716,-12.8481,-128.99
363.077,4.7874,-12.8442,-25.67
363.277,4.7757,-12.8538,109.04
363.478,4.8062,-12.8445,109.44
363.679,4.7834,-12.8472,-176.76
363.879,4.6826,-12.8599,-159.31
364.08,4.7444,-12.8289,26.3
364.281,4.7384,-12.8325,-115.54
364.482,4.7044,-12.854,-75.72
364.682,4.6807,-12.8524,-68.77
364.883,4.5817,-12.8667,-67.29
365.084,4.5578,-12.8706,-68.04
365.284,4.5324,-12.8675,-75.41
365.485,4.5099,-12.8737,-75.64
365.686,4.4873,-12.876,-75.69
365.886,4.5509,-12.8671,-67.43
366.087,4.5292,-12.8661,-75.35
366.288,4.5029,-12.8634,-76.06
366.488,4.4,-12.8862,-76.57
366.689,4.4627,-12.8674,-68.47
366.89,4.3572,-12.8787,-75.65
367.09,4.4202,-12.8772,-76.72
367.291,4.4042,-12.8779,-76.21
367.492,4.3715,-12.8746,-95.62
367.692,4.3336,-12.8539,-33.2
367.893,4.2408,-12.878,-143.35
368.094,4.3086,-12.8696,-143.49
368.294,4.2783,-12.8633,120.1
368.495,4.1868,-12.8691,120.61
368.696,4.1616,-12.8668,120.19
368.896,4.2099,-12.8577,117.39
369.097,4.1207,-12.8602,117.97
369.298,4.095,-12.8831,144.27
369.498,4.0695,-12.8735,77.16
369.699,4.049,-12.8829,173.71
369.899,4.0239,-12.876,114.08
370.1,3.9979,-12.8758,170.36
370.301,3.9829,-12.8617,111.8
370.501,3.957,-12.8681,168.14
370.702,4.0107,-12.8451,51.8
370.903,3.9066,-12.8562,97.04
371.103,3.9659,-12.8338,42.91
371.304,3.8714,-12.8458,162.7
371.505,3.8379,-12.8365,83.24
371.705,3.8353,-12.8337,160.07
371.906,3.8809,-12.8091,90.46
372.107,3.8685,-12.8071,157.48
372.307,3.8507,-12.7896,82.58
372.508,3.8286,-12.7896,154.61
372.709,3.8122,-12.7707,79.31
372.909,3.7088,-12.7777,151.91
373.11,3.6978,-12.755,76.72
373.311,3.7476,-12.7382,75.91
373.511,3.6521,-12.7449,147.48
373.712,3.6587,-12.723,73.06
373.913,3.7012,-12.717,145.92
374.113,3.6877,-12.682,78.29
374.314,3.6606,-12.6879,142.68
374.514,3.6455,-12.667,75.55
374.715,3.6256,-12.661,142.6
374.916,3.6044,-12.6429,73.53
375.117,3.5909,-12.6346,142.52
375.317,3.4884,-12.624,67.03
375.518,3.5434,-12.6041,63.63
375.718,3.4596,-12.6016,142.45
375.919,3.5222,-12.5818,142.63
376.12,3.4872,-12.5583,61.21
376.32,3.4024,-12.5552,68.74
376.521,3.3858,-12.5438,65.11
376.722,3.3827,-12.4874,65.02
376.922,3.4361,-12.5158,142.56
377.123,3.3409,-12.499,84.18
377.324,3.3218,-12.4951,143.22
377.524,3.3085,-12.4691,85.52
377.725,3.2864,-12.4699,146.16
377.926,3.2785,-12.4377,88.1
378.126,3.2498,-12.4464,148.48
378.327,3.24,-12.4288,88.63
378.528,3.2123,-12.4244,151.28
378.728,3.2707,-12.4078,153.11
378.929,3.2498,-12.3975,154.41
379.13,3.1547,-12.3833,101.75
379.33,3.1315,-12.3847,156.5
379.531,3.1147,-12.3718,103.87
379.732,3.1696,-12.3629,159.6
379.933,3.0723,-12.3614,160.79
380.133,3.1289,-12.3488,162.13
380.334,3.0289,-12.3471,163.02
380.535,3.009,-12.3413,164.65
380.735,2.9868,-12.3355,166.1
380.936,2.9665,-12.3306,167.23
381.137,2.9456,-12.3261,168.42
381.337,2.9228,-12.3216,169.68
381.538,2.9026,-12.3181,170.97
381.739,2.8796,-12.3147,172.71
381.939,2.8593,-12.3123,173.92
382.14,2.8357,-12.31,174.87
382.341,2.8149,-12.3082,174.84
382.541,2.7923,-12.3061,174.96
382.742,2.7717,-12.3044,175.21
382.943,2.8269,-12.2984,175.33
383.143,2.8059,-12.2967,175.13
383.344,2.7049,-12.2985,174.81
383.545,2.7628,-12.2929,175.16
383.745,2.7408,-12.2911,175.39
383.946,2.7128,-12.2889,175.37
384.147,2.6965,-12.2876,175.13
384.347,2.5977,-12.2892,174.84
384.548,2.6557,-12.2762,117.47
384.749,2.5564,-12.2802,127.76
384.949,2.6141,-12.2737,114.25
385.15,2.5884,-12.2737,114.49
385.351,2.4876,-12.2721,114.42
385.551,2.4669,-12.2736,114.61
385.752,2.5262,-12.263,114.71
385.953,2.4196,-12.2688,127.64
386.153,2.478,-12.2617,121.8
386.354,2.454,-12.256,115.0
386.555,2.4397,-12.2585,127.79
386.755,2.3297,-12.2648,127.66
386.956,2.3096,-12.269,103.13
387.157,2.2803,-12.263,92.85
387.357,2.3446,-12.2578,175.2
387.558,2.3168,-12.2542,127.85
387.759,2.3054,-12.2545,174.99
387.959,2.1993,-12.2535,173.04
388.16,2.1834,-12.2514,172.15
388.361,2.2345,-12.2459,170.92
388.561,2.214,-12.2424,169.58
388.762,2.1134,-12.2394,167.86
388.963,2.1709,-12.2335,166.72
389.163,2.1491,-12.2282,165.54
389.364,2.0498,-12.2235,164.15
389.565,2.0298,-12.2176,162.56
389.765,2.0918,-12.2158,130.31
389.966,1.998,-12.2025,55.96
390.167,2.0441,-12.1947,159.0
390.367,2.0257,-12.1891,103.66
390.568,1.9254,-12.1783,155.75
390.768,1.9068,-12.169,101.43
390.969,1.8883,-12.1607,153.42
391.17,1.8694,-12.1495,99.85
391.371,1.9245,-12.1388,150.75
391.571,1.8292,-12.1286,149.09
391.772,1.8113,-12.1177,148.01
391.973,1.7914,-12.1051,146.77
392.173,1.7739,-12.0933,145.25
392.374,1.7566,-12.081,143.68
392.574,1.7378,-12.0669,142.43
392.775,1.8163,-12.0542,44.4
392.976,1.7054,-12.0411,140.09
393.176,1.6857,-12.0213,101.08
393.377,1.7499,-12.0116,90.18
393.578,1.7382,-12.0032,89.44
393.778,1.6395,-11.9805,134.85
393.979,1.7038,-11.9561,56.88
394.18,1.6867,-11.9504,131.91
394.381,1.5957,-11.9277,105.98
394.581,1.6624,-11.9118,94.33
394.782,1.6432,-11.8991,128.17
394.982,1.6346,-11.8727,83.15
395.183,1.6204,-11.8648,101.93
395.384,1.5384,-11.841,81.2
395.584,1.521,-11.8265,99.7
395.785,1.5958,-11.8168,42.1
395.986,1.5695,-11.7909,120.01
396.186,1.4827,-11.7699,118.57
396.387,1.542,-11.7496,95.48
396.588,1.5381,-11.7328,116.23
396.788,1.5232,-11.7106,93.08
396.989,1.4448,-11.6927,113.38
397.19,1.5111,-11.6728,112.29
397.39,1.4242,-11.6477,89.82
397.591,1.42,-11.6298,109.18
397.792,1.4865,-11.6113,68.08
397.992,1.4735,-11.592,96.43
398.193,1.3963,-11.5643,85.77
398.394,1.3882,-11.5431,84.31
398.594,1.3983,-11.5166,67.24
398.795,1.374,-11.5019,91.39
398.996,1.3722,-11.4751,66.14
399.196,1.4521,-11.4628,98.95
399.397,1.4443,-11.4392,78.96
399.598,1.372,-11.4168,95.81
399.798,1.4443,-11.3985,95.05
399.999,1.452,-11.3708,55.4
400.2,1.3673,-11.3525,92.06
400.4,1.4405,-11.3266,90.55
400.601,1.3567,-11.2932,64.85
400.802,1.3673,-11.2784,88.1
401.003,1.414,-11.244,64.77
401.203,1.3701,-11.2304,85.04
401.404,1.3693,-11.1985,61.86
401.604,1.3741,-11.1885,84.19
401.805,1.4317,-11.1485,61.38
402.006,1.4527,-11.1364,84.19
402.206,1.4511,-11.1049,62.25
402.407,1.4574,-11.0892,84.6
402.608,1.4555,-11.0574,61.83
402.808,1.4622,-11.0411,84.1
403.009,1.4032,-11.0137,61.51
403.21,1.4661,-10.9861,62.01
403.41,1.3968,-10.9692,84.28
403.611,1.3994,-10.9367,61.72
403.812,1.4086,-10.9274,40.76
404.012,1.4762,-10.8991,84.65
404.213,1.4066,-10.8723,84.29
404.414,1.4817,-10.845,61.58
404.614,1.4956,-10.8296,36.76
404.815,1.414,-10.801,84.13
405.016,1.4898,-10.7759,76.88
405.216,1.4245,-10.7448,55.56
405.417,1.4925,-10.7312,84.25
405.618,1.5002,-10.7048,61.87
405.819,1.4257,-10.6841,84.45
406.019,1.4384,-10.6527,55.49
406.22,1.4305,-10.6361,84.26
406.421,1.4452,-10.6103,55.27
406.621,1.4354,-10.5887,84.32
406.822,1.4469,-10.5631,61.78
407.023,1.5106,-10.5418,84.41
407.223,1.4523,-10.5292,36.46
407.424,1.52,-10.4954,61.89
407.625,1.4479,-10.4711,75.92
407.825,1.5195,-10.4482,84.67
408.026,1.4751,-10.4233,61.49
408.226,1.5405,-10.4027,55.52
408.427,1.5266,-10.3756,84.86
408.628,1.5438,-10.3479,55.91
408.828,1.531,-10.328,84.55
409.03,1.5459,-10.3014,55.64
409.23,1.4872,-10.2814,55.73
409.43,1.5376,-10.2581,84.88
409.631,1.5569,-10.2354,55.87
409.832,1.4965,-10.207,55.48
410.033,1.4756,-10.1828,84.5
410.233,1.4948,-10.1615,56.01
410.434,1.5056,-10.1497,24.62
410.634,1.4831,-10.111,75.77
410.835,1.4969,-10.1008,45.25
411.036,1.5023,-10.0872,18.5
411.237,1.4892,-10.0412,84.56
411.437,1.5678,-10.0241,50.1
411.638,1.5066,-9.9992,50.32
411.839,1.5025,-9.9704,55.75
412.039,1.5026,-9.9489,55.76
412.24,1.5003,-9.9206,61.95
412.441,1.5204,-9.91,24.38
412.641,1.5056,-9.8738,84.65
412.842,1.5172,-9.8495,41.09
413.043,1.5099,-9.8278,84.38
413.243,1.5843,-9.8043,55.58
413.444,1.5863,-9.7828,26.52
413.645,1.5844,-9.7576,84.85
413.845,1.5321,-9.7224,55.66
414.046,1.5948,-9.7046,55.54
414.247,1.5179,-9.6709,21.02
414.447,1.5937,-9.6558,84.87
414.648,1.5328,-9.6398,75.91
414.849,1.5306,-9.6139,84.61
415.049,1.6033,-9.5826,68.62
415.25,1.5353,-9.5662,84.4
415.451,1.6017,-9.5334,69.02
415.652,1.6061,-9.5142,68.87
415.852,1.5502,-9.4873,68.51
416.053,1.5531,-9.469,68.53
416.253,1.612,-9.4397,68.91
416.454,1.5524,-9.4134,68.7
416.655,1.5484,-9.3842,50.56
416.856,1.6197,-9.3698,84.73
417.056,1.6212,-9.3403,68.92
417.257,1.6156,-9.3172,50.0
417.457,1.5629,-9.3107,36.52
417.658,1.6282,-9.2743,84.78
417.859,1.6281,-9.2449,55.92
418.059,1.6322,-9.229,85.23
418.26,1.6358,-9.1941,55.8
418.461,1.5735,-9.1807,44.71
418.661,1.5739,-9.1599,68.68
418.862,1.5819,-9.1334,68.68
419.063,1.5889,-9.121,33.86
419.263,1.5804,-9.0849,84.62
419.464,1.5833,-9.0562,45.71
419.665,1.6493,-9.038,85.16
419.865,1.5869,-9.0141,84.78
420.066,1.6518,-8.9842,50.17
420.267,1.6557,-8.9661,84.8
420.467,1.6553,-8.9405,55.84
420.668,1.6574,-8.9099,26.94
420.869,1.5981,-8.8944,84.78
421.069,1.6643,-8.8698,84.6
421.27,1.6119,-8.8516,45.32
421.471,1.6682,-8.8246,85.06
421.671,1.607,-8.7987,84.66
421.872,1.6303,-8.7891,10.94
422.073,1.6116,-8.7502,84.5
422.273,1.6813,-8.7192,40.64
422.474,1.6201,-8.7064,55.68
422.675,1.6165,-8.6791,55.47
422.875,1.6202,-8.6568,84.71
423.076,1.6833,-8.6241,55.79
423.277,1.6311,-8.611,55.41
423.477,1.6233,-8.5932,44.88
423.678,1.6289,-8.5621,84.45
423.879,1.6324,-8.5286,50.13
424.079,1.6333,-8.5145,85.04
424.28,1.6395,-8.4867,61.81
424.481,1.6301,-8.4674,50.43
424.681,1.6323,-8.4443,50.24
424.882,1.6399,-8.4348,46.01
425.083,1.6441,-8.3948,85.12
425.283,1.656,-8.3677,68.63
425.484,1.6531,-8.3449,68.56
425.685,1.7271,-8.3335,50.35
425.885,1.6528,-8.2988,84.91
426.086,1.6589,-8.2688,68.76
426.287,1.715,-8.2451,68.85
426.487,1.7172,-8.2217,68.85
426.688,1.6681,-8.2017,55.85
426.891,1.658,-8.1792,29.82
427.29,1.6678,-8.1331,84.76
427.491,1.6751,-8.1128,61.95
427.691,1.6721,-8.0854,85.05
427.892,1.6794,-8.0628,62.0
428.092,1.7368,-8.0374,84.83
428.293,1.6785,-8.0145,85.03
428.494,1.7432,-7.9879,62.27
428.694,1.6827,-7.9666,84.72
428.895,1.6889,-7.944,61.78
429.096,1.6871,-7.9181,84.7
429.296,1.6911,-7.891,61.89
429.497,1.6912,-7.8727,85.09
429.698,1.696,-7.8448,61.69
429.898,1.7555,-7.8191,85.17
430.099,1.6983,-7.7937,84.98
430.3,1.6998,-7.7757,84.91
430.5,1.7661,-7.7439,61.98
430.701,1.7637,-7.7224,84.76
430.902,1.7115,-7.7039,61.95
431.102,1.7088,-7.6765,85.1
431.303,1.7656,-7.6554,62.05
431.504,1.7713,-7.633,85.16
431.704,1.7753,-7.6012,62.17
431.905,1.7174,-7.5798,85.04
432.106,1.7176,-7.5559,62.06
432.306,1.7216,-7.5315,84.67
432.507,1.7726,-7.5099,62.06
432.708,1.7275,-7.4829,62.11
432.908,1.7278,-7.4614,84.98
433.109,1.7836,-7.4279,55.96
433.309,1.735,-7.4157,61.65
433.51,1.7341,-7.3898,85.06
433.711,1.7938,-7.3649,85.44
433.911,1.7936,-7.3305,55.87
434.112,1.7404,-7.3185,84.78
434.313,1.7403,-7.2906,68.85
434.513,1.8017,-7.272,85.26
434.714,1.8037,-7.2467,85.46
434.915,1.7409,-7.2224,68.88
435.115,1.8078,-7.1988,85.07
435.316,1.7446,-7.1739,69.14
435.517,1.7498,-7.1462,68.96
435.717,1.7507,-7.1229,68.84
435.918,1.7509,-7.0989,68.85
436.119,1.8103,-7.0761,69.04
436.319,1.7563,-7.0531,69.16
436.52,1.7587,-7.0287,69.04
436.721,1.8167,-7.0064,68.88
436.921,1.8183,-6.9816,69.28
437.122,1.8162,-6.9573,69.22
437.323,1.819,-6.9361,69.11
437.523,1.8231,-6.9095,69.0
437.724,1.7705,-6.8862,68.87
437.924,1.8241,-6.8637,69.3
438.125,1.8257,-6.8371,69.37
438.326,1.8268,-6.8146,69.05
438.526,1.8432,-6.7909,50.36
438.727,1.8302,-6.7556,29.99
438.928,1.8472,-6.7536,9.69
439.128,1.7793,-6.7344,9.78
439.329,1.7914,-6.7061,9.49
439.53,1.8505,-6.675,85.41
439.73,1.7884,-6.6494,62.58
439.931,1.7996,-6.6293,85.19
440.132,1.7928,-6.5995,62.41
440.332,1.7974,-6.5717,40.81
440.533,1.8093,-6.5245,10.77
440.734,1.8075,-6.5333,85.49
440.935,1.8096,-6.5075,85.0
441.135,1.8116,-6.4851,84.86
441.336,1.8139,-6.4605,84.03
441.536,1.8165,-6.4379,82.72
441.737,1.8735,-6.4127,81.59
441.938,1.8237,-6.3898,79.94
442.138,1.8278,-6.3677,78.84
442.339,1.8862,-6.3425,77.94
442.54,1.8382,-6.3198,76.12
442.74,1.897,-6.2975,74.96
442.941,1.9038,-6.273,73.95
443.142,1.9102,-6.2513,72.89
443.342,1.9172,-6.2293,71.48
443.543,1.873,-6.205,69.8
443.744,1.9336,-6.1835,69.05
443.944,1.9426,-6.1605,67.83
444.145,1.9322,-6.1338,35.57
444.346,1.7274,-5.9654,0.52
444.546,1.7064,-5.982,1.48
444.747,1.8426,-5.9591,-0.23
444.948,1.8534,-5.9745,1.74
445.148,1.7919,-5.9985,0.44
445.349,1.9844,-5.9471,0.76
445.55,1.9841,-5.9517,1.34
445.75,2.0047,-5.9528,1.14
445.951,2.0461,-5.9423,0.61
446.152,2.0295,-5.9617,0.88
446.352,2.0358,-5.9681,0.96
446.553,2.1337,-5.9471,0.85
446.754,2.1041,-5.9562,0.46
446.954,2.2903,-5.9107,0.73
447.155,2.211,-5.6498,55.68
447.356,2.1667,-5.6324,14.4
447.556,2.1818,-5.6352,14.43
447.757,2.1809,-5.6219,12.94
447.958,2.2027,-5.6122,16.08
448.158,2.1895,-5.6198,9.99
448.359,2.2193,-5.6073,10.65
448.56,2.2184,-5.6018,10.73
448.76,2.1909,-5.5847,61.54
448.961,2.2055,-5.583,19.6
449.162,2.1705,-5.58,0.02
449.362,2.2659,-5.5368,61.95
449.563,2.2159,-5.5385,61.72
449.764,2.2541,-5.5439,16.05
449.964,2.2675,-5.5332,16.06
450.165,2.2787,-5.5283,18.0
450.366,2.2684,-5.514,15.9
450.566,2.3188,-5.4864,16.48
450.767,2.3016,-5.4722,18.6
450.968,2.3092,-5.4588,20.7
451.168,2.3714,-5.4206,21.32
451.369,2.3757,-5.4004,24.35
451.57,2.3514,-5.3859,27.22
451.77,2.36,-5.3681,28.33
451.971,2.4072,-5.3287,28.22
452.172,2.377,-5.3083,31.99
452.372,2.2898,-5.4971,0.94
452.573,2.3804,-5.2808,35.92
452.774,2.3937,-5.225,76.55
452.974,2.4223,-5.2041,41.68
453.175,2.4088,-5.1548,79.42
453.376,2.3927,-5.1488,47.95
453.576,2.4171,-5.1037,82.46
453.777,2.4324,-5.0863,49.43
453.978,2.3982,-5.0607,55.47
454.178,2.4253,-5.0268,86.0
454.379,2.4064,-5.0138,57.23
454.58,2.4279,-4.9769,88.29
454.78,2.3996,-4.9551,64.19
454.981,2.382,-4.926,88.18
455.182,2.438,-4.9028,58.49
455.382,2.4061,-4.8801,58.26
455.583,2.3843,-4.8487,88.22
455.784,2.4415,-4.8217,64.74
455.984,2.4329,-4.7947,88.64
456.185,2.3942,-4.7744,71.47
456.386,2.3974,-4.7471,71.3
456.586,2.3885,-4.7174,88.13
456.787,2.3892,-4.6931,88.27
456.988,2.39,-4.6681,88.36
457.188,2.3908,-4.6405,88.07
457.389,2.3917,-4.6154,88.09
457.59,2.4386,-4.5856,88.59
457.79,2.4005,-4.566,71.45
457.991,2.4438,-4.5316,64.63
458.192,2.3951,-4.5103,87.96
458.392,2.4417,-4.4829,88.52
458.593,2.4444,-4.4583,64.71
458.793,2.4431,-4.4301,88.15
458.994,2.4486,-4.4064,71.86
459.195,2.4048,-4.3807,71.65
459.396,2.4054,-4.3525,64.51
459.596,2.4459,-4.328,88.24
459.797,2.406,-4.2991,79.26
459.998,2.446,-4.2806,71.78
460.198,2.4492,-4.249,79.53
460.399,2.4045,-4.2326,71.28
460.6,2.4069,-4.208,71.33
460.8,2.4064,-4.1751,71.62
461.001,2.4119,-4.1424,79.3
461.202,2.4538,-4.12,71.3
461.402,2.4535,-4.0848,71.93
461.603,2.4154,-4.0712,71.9
461.804,2.4131,-4.0382,71.54
462.004,2.4131,-4.0117,71.59
462.205,2.4562,-3.9865,71.29
462.406,2.4133,-3.9569,64.57
462.606,2.4137,-3.934,88.14
462.807,2.4099,-3.9077,71.25
463.008,2.4114,-3.8848,64.74
463.208,2.4496,-3.8536,46.56
463.409,2.4171,-3.8296,88.31
463.61,2.4566,-3.8021,79.38
463.81,2.4144,-3.7735,71.55
464.011,2.4178,-3.75,71.58
464.212,2.415,-3.7265,71.32
464.412,2.4548,-3.6921,58.29
464.613,2.4646,-3.6735,88.3
464.814,2.4189,-3.6517,71.5
465.014,2.4198,-3.6201,64.5
465.215,2.4247,-3.5985,87.78
465.416,2.4639,-3.5614,64.33
465.616,2.4642,-3.5402,38.64
465.817,2.4274,-3.5181,87.96
466.018,2.4173,-3.4921,52.23
466.218,2.4708,-3.4659,88.2
466.419,2.4315,-3.4401,58.51
466.62,2.4722,-3.4144,88.28
466.82,2.4332,-3.3867,64.28
467.021,2.472,-3.3634,38.29
467.222,2.4746,-3.335,88.33
467.422,2.4368,-3.3128,58.02
467.623,2.4762,-3.2823,87.97
467.823,2.4379,-3.258,58.0
468.024,2.439,-3.2333,31.07
468.225,2.4381,-3.2071,87.9
468.425,2.4253,-3.1787,57.86
468.626,2.4801,-3.1552,88.21
468.827,2.4764,-3.125,58.24
469.027,2.4817,-3.1027,88.16
469.228,2.4709,-3.0754,57.82
469.429,2.4836,-3.05,88.28
469.629,2.4301,-3.0253,52.17
469.83,2.4648,-2.9965,52.31
470.031,2.486,-2.9726,87.92
470.231,2.4672,-2.9425,52.31
470.432,2.4878,-2.9204,88.25
470.633,2.4789,-2.891,52.31
470.833,2.4507,-2.8704,87.52
471.034,2.4783,-2.8418,58.02
471.235,2.4794,-2.7986,25.19
471.435,2.4537,-2.7928,87.82
471.636,2.4934,-2.7652,87.68
471.837,2.4358,-2.7365,52.15
472.037,2.4747,-2.6679,13.82
472.238,2.4953,-2.7131,88.05
472.439,2.459,-2.6629,87.56
472.639,2.4982,-2.6357,87.79
472.84,2.4991,-2.6108,88.06
473.041,2.4621,-2.5854,87.63
473.241,2.4632,-2.5604,87.39
473.442,2.4643,-2.5356,87.78
473.643,2.4654,-2.5079,87.66
473.843,2.504,-2.4797,87.81
474.044,2.4675,-2.4575,87.36
474.245,2.4688,-2.4303,87.5
474.445,2.4698,-2.406,87.78
474.646,2.471,-2.3778,87.37
474.847,2.4721,-2.3527,87.37
475.047,2.4732,-2.328,87.52
475.251,2.5114,-2.292,87.78
475.649,2.4767,-2.25,87.09
475.85,2.5145,-2.22,87.78
476.051,2.5156,-2.1897,87.76
476.251,2.4616,-2.152,27.76
476.452,2.4962,-2.1283,27.7
476.653,2.4363,-1.9761,0.23
476.853,2.4258,-1.9749,-0.08
477.054,2.4906,-1.9455,87.19
477.254,2.5079,-1.9421,24.96
477.458,2.4909,-1.9052,63.32
477.856,2.5275,-1.9101,87.07
478.057,2.4923,-1.9129,86.84
478.258,2.4946,-1.8936,41.41
478.459,2.493,-1.8997,86.46
478.659,2.3946,-1.7758,0.0
478.86,2.5508,-1.7286,77.91
479.06,2.4118,-1.3479,-0.21
479.462,2.4611,-1.391,-0.53
480.465,2.5332,-1.4008,-1.16
481.87,2.793,-1.3097,0.01
482.472,2.8178,-1.3252,-0.8
483.274,2.879,-1.3129,-0.71
484.478,3.1369,-1.1463,0.23
485.08,3.1515,-1.1873,-0.35
485.883,3.1864,-1.2252,-0.82
487.087,3.3161,-1.1506,-1.16
488.491,3.5224,-0.8945,-1.07
489.294,3.5365,-0.8936,-0.65
489.896,3.6258,-0.8147,-0.17
490.097,3.6627,-0.8163,-0.34
490.297,3.6766,-0.8186,-0.77
490.498,3.6915,-0.8265,-0.79
490.899,3.7137,-0.8696,-0.81
491.501,3.8019,-0.8763,-1.0
492.304,3.8759,-0.8872,-0.82
492.906,3.9743,-0.9221,-0.88
493.708,4.0738,-0.9324,-1.01
494.511,4.1547,-0.9435,-0.99
495.113,4.2408,-0.9497,-0.51
495.715,4.3032,-0.9611,-0.76
496.317,4.3912,-0.9707,-0.99
496.919,4.4428,-0.9797,-1.15
497.722,4.548,-0.9927,-1.38
498.524,4.6516,-1.0089,-1.7
499.126,4.7514,-1.0205,-0.87
499.929,4.8609,-1.0308,-1.06
500.732,4.9341,-1.0416,-1.42
501.735,5.0802,-1.054,-1.32
502.337,5.166,-1.058,-0.7
503.14,5.3074,-1.0446,1.27
503.541,5.3529,-1.0493,1.65
503.742,5.4258,-1.0455,1.51
504.143,5.4798,-1.045,1.83
504.745,5.5108,-1.0214,1.59
505.347,5.6003,-0.9887,1.38
505.748,5.6399,-0.9782,1.87
506.149,5.7146,-0.9672,1.86
506.751,5.7231,-0.9345,1.38
507.153,5.779,-0.9376,1.51
507.755,5.8593,-0.9377,1.47
508.357,5.9,-0.9329,1.67
508.959,5.9671,-0.9288,1.83
509.56,6.0571,-0.9366,1.89
510.163,6.1075,-0.9314,1.78
510.965,6.2823,-0.624,10.06
511.166,6.2633,-0.6525,1.6
511.567,6.3394,-0.6552,1.34
512.37,6.4308,-0.5838,2.05
512.57,6.4798,-0.5842,1.57
512.972,6.5202,-0.5821,0.89
513.172,6.5368,-0.5769,0.41
513.373,6.5943,-0.5824,-0.04
513.774,6.6041,-0.5771,-0.78
513.975,6.6521,-0.5808,-1.18
514.376,6.6824,-0.5775,-1.94
514.577,6.7172,-0.5756,-2.44
514.778,6.7668,-0.5685,-2.53
515.179,6.7875,-0.508,-2.09
515.781,6.8677,-0.5197,-1.81
515.981,6.8762,-0.525,-1.99
516.383,6.8768,-0.5242,-2.16
516.583,6.8801,-0.525,-2.12
516.784,6.88,-0.5253,-2.17
516.985,6.8714,-0.5221,-2.16
517.386,6.8549,-0.5215,-2.14
517.787,6.8624,-0.5266,-2.1
517.988,6.8603,-0.5219,-2.11
518.389,6.8731,-0.5202,-2.08
518.79,6.858,-0.525,-2.11
519.191,6.8657,-0.5228,-2.07
519.593,6.8599,-0.5243,-2.11
519.994,6.876,-0.5214,-2.07
520.195,6.8565,-0.5234,-2.1
520.596,6.8659,-0.5216,-2.09
520.796,6.8645,-0.5244,-2.06
521.198,6.8595,-0.5249,-2.07
521.398,6.8669,-0.5235,-2.07
521.599,6.8853,-0.5276,-2.19
521.8,6.881,-0.5252,-2.17
522.0,6.859,-0.5253,-2.11
522.201,6.8783,-0.5251,-2.3
522.401,6.8626,-0.5251,-2.1
522.602,6.8586,-0.5242,-2.09
522.803,6.8783,-0.5256,-2.27
523.003,6.8808,-0.5246,-2.21
523.204,6.858,-0.5258,-2.11
